id;name;email;url
1;soupy whorl lest;Cleo1@yahoo.com;https://decisive-piano.info/
2;pattern;Gardner_Wehner97@yahoo.com;https://devoted-tank.info
3;transportation among;Eldred.Rowe@hotmail.com;https://right-wax.info/
4;dead;Rosina.Ratke@gmail.com;https://sad-theater.org/
5;even but the;Lauretta_Nader27@gmail.com;https://dense-stamen.net
6;aboard;Elaina96@hotmail.com;https://extraneous-splendor.net
7;above frightened into;Leanna.Steuber17@hotmail.com;https://flawless-gasoline.org
8;inside;Ottis.Flatley@yahoo.com;https://pure-loaf.org
9;busily honestly;Christop.Wisoky@hotmail.com;https://poor-puddle.biz/
10;suddenly oddly;Selena91@gmail.com;https://strident-legging.net
